BRAS,REPETITION,NUMERO_VIGNETTE
Contrôle,1,7
Contrôle,1,28
Contrôle,1,11
Contrôle,1,17
Contrôle,1,5
Contrôle,1,27
Contrôle,1,18
Contrôle,1,12
Contrôle,1,20
Contrôle,1,24
Contrôle,1,22
Contrôle,1,13
Contrôle,1,23
Contrôle,1,1
Contrôle,1,4
Contrôle,1,25
Contrôle,1,21
Contrôle,1,6
Contrôle,1,10
Contrôle,1,2
Contrôle,1,26
Contrôle,1,30
Contrôle,1,15
Contrôle,1,3
Contrôle,1,14
Contrôle,1,19
Contrôle,1,16
Contrôle,1,9
Contrôle,1,8
Contrôle,1,29
Contrôle,2,22
Contrôle,2,13
Contrôle,2,11
Contrôle,2,6
Contrôle,2,20
Contrôle,2,12
Contrôle,2,28
Contrôle,2,2
Contrôle,2,9
Contrôle,2,19
Contrôle,2,24
Contrôle,2,1
Contrôle,2,7
Contrôle,2,23
Contrôle,2,5
Contrôle,2,26
Contrôle,2,27
Contrôle,2,30
Contrôle,2,14
Contrôle,2,29
Contrôle,2,25
Contrôle,2,17
Contrôle,2,8
Contrôle,2,21
Contrôle,2,18
Contrôle,2,16
Contrôle,2,15
Contrôle,2,3
Contrôle,2,4
Contrôle,2,10
Contrôle,3,29
Contrôle,3,5
Contrôle,3,19
Contrôle,3,1
Contrôle,3,13
Contrôle,3,20
Contrôle,3,10
Contrôle,3,22
Contrôle,3,15
Contrôle,3,24
Contrôle,3,17
Contrôle,3,16
Contrôle,3,8
Contrôle,3,6
Contrôle,3,21
Contrôle,3,26
Contrôle,3,9
Contrôle,3,14
Contrôle,3,28
Contrôle,3,18
Contrôle,3,23
Contrôle,3,27
Contrôle,3,30
Contrôle,3,2
Contrôle,3,3
Contrôle,3,7
Contrôle,3,4
Contrôle,3,11
Contrôle,3,25
Contrôle,3,12
Contrôle,4,29
Contrôle,4,22
Contrôle,4,14
Contrôle,4,5
Contrôle,4,19
Contrôle,4,16
Contrôle,4,2
Contrôle,4,24
Contrôle,4,11
Contrôle,4,4
Contrôle,4,10
Contrôle,4,26
Contrôle,4,27
Contrôle,4,13
Contrôle,4,3
Contrôle,4,8
Contrôle,4,12
Contrôle,4,23
Contrôle,4,20
Contrôle,4,25
Contrôle,4,1
Contrôle,4,17
Contrôle,4,6
Contrôle,4,18
Contrôle,4,28
Contrôle,4,7
Contrôle,4,15
Contrôle,4,30
Contrôle,4,9
Contrôle,4,21
Contrôle,5,8
Contrôle,5,10
Contrôle,5,24
Contrôle,5,25
Contrôle,5,14
Contrôle,5,23
Contrôle,5,17
Contrôle,5,29
Contrôle,5,7
Contrôle,5,21
Contrôle,5,3
Contrôle,5,13
Contrôle,5,15
Contrôle,5,4
Contrôle,5,27
Contrôle,5,20
Contrôle,5,6
Contrôle,5,28
Contrôle,5,22
Contrôle,5,30
Contrôle,5,16
Contrôle,5,18
Contrôle,5,2
Contrôle,5,9
Contrôle,5,11
Contrôle,5,1
Contrôle,5,26
Contrôle,5,12
Contrôle,5,5
Contrôle,5,19
Contrôle,6,24
Contrôle,6,25
Contrôle,6,17
Contrôle,6,7
Contrôle,6,16
Contrôle,6,4
Contrôle,6,12
Contrôle,6,3
Contrôle,6,27
Contrôle,6,15
Contrôle,6,5
Contrôle,6,8
Contrôle,6,21
Contrôle,6,29
Contrôle,6,2
Contrôle,6,30
Contrôle,6,10
Contrôle,6,22
Contrôle,6,23
Contrôle,6,18
Contrôle,6,13
Contrôle,6,1
Contrôle,6,26
Contrôle,6,6
Contrôle,6,19
Contrôle,6,9
Contrôle,6,28
Contrôle,6,20
Contrôle,6,14
Contrôle,6,11
Contrôle,7,1
Contrôle,7,25
Contrôle,7,16
Contrôle,7,10
Contrôle,7,9
Contrôle,7,28
Contrôle,7,4
Contrôle,7,8
Contrôle,7,13
Contrôle,7,29
Contrôle,7,12
Contrôle,7,14
Contrôle,7,7
Contrôle,7,21
Contrôle,7,17
Contrôle,7,20
Contrôle,7,30
Contrôle,7,18
Contrôle,7,27
Contrôle,7,3
Contrôle,7,24
Contrôle,7,5
Contrôle,7,6
Contrôle,7,11
Contrôle,7,2
Contrôle,7,22
Contrôle,7,23
Contrôle,7,15
Contrôle,7,19
Contrôle,7,26
Contrôle,8,13
Contrôle,8,2
Contrôle,8,28
Contrôle,8,17
Contrôle,8,22
Contrôle,8,10
Contrôle,8,23
Contrôle,8,9
Contrôle,8,19
Contrôle,8,1
Contrôle,8,18
Contrôle,8,29
Contrôle,8,15
Contrôle,8,25
Contrôle,8,11
Contrôle,8,16
Contrôle,8,4
Contrôle,8,24
Contrôle,8,14
Contrôle,8,7
Contrôle,8,21
Contrôle,8,12
Contrôle,8,30
Contrôle,8,8
Contrôle,8,5
Contrôle,8,3
Contrôle,8,20
Contrôle,8,26
Contrôle,8,6
Contrôle,8,27
Contrôle,9,9
Contrôle,9,17
Contrôle,9,28
Contrôle,9,25
Contrôle,9,21
Contrôle,9,22
Contrôle,9,23
Contrôle,9,14
Contrôle,9,30
Contrôle,9,16
Contrôle,9,10
Contrôle,9,1
Contrôle,9,13
Contrôle,9,7
Contrôle,9,26
Contrôle,9,3
Contrôle,9,6
Contrôle,9,12
Contrôle,9,20
Contrôle,9,24
Contrôle,9,19
Contrôle,9,15
Contrôle,9,27
Contrôle,9,5
Contrôle,9,18
Contrôle,9,29
Contrôle,9,4
Contrôle,9,11
Contrôle,9,8
Contrôle,9,2
Contrôle,10,11
Contrôle,10,9
Contrôle,10,26
Contrôle,10,8
Contrôle,10,23
Contrôle,10,21
Contrôle,10,5
Contrôle,10,6
Contrôle,10,15
Contrôle,10,10
Contrôle,10,3
Contrôle,10,20
Contrôle,10,28
Contrôle,10,30
Contrôle,10,16
Contrôle,10,7
Contrôle,10,13
Contrôle,10,2
Contrôle,10,17
Contrôle,10,19
Contrôle,10,12
Contrôle,10,14
Contrôle,10,1
Contrôle,10,27
Contrôle,10,22
Contrôle,10,18
Contrôle,10,4
Contrôle,10,24
Contrôle,10,25
Contrôle,10,29
Contrôle,11,1
Contrôle,11,9
Contrôle,11,12
Contrôle,11,16
Contrôle,11,24
Contrôle,11,13
Contrôle,11,18
Contrôle,11,15
Contrôle,11,5
Contrôle,11,11
Contrôle,11,2
Contrôle,11,23
Contrôle,11,4
Contrôle,11,19
Contrôle,11,29
Contrôle,11,26
Contrôle,11,28
Contrôle,11,30
Contrôle,11,25
Contrôle,11,7
Contrôle,11,27
Contrôle,11,22
Contrôle,11,10
Contrôle,11,20
Contrôle,11,8
Contrôle,11,3
Contrôle,11,14
Contrôle,11,6
Contrôle,11,17
Contrôle,11,21
Contrôle,12,10
Contrôle,12,4
Contrôle,12,24
Contrôle,12,17
Contrôle,12,23
Contrôle,12,29
Contrôle,12,27
Contrôle,12,14
Contrôle,12,21
Contrôle,12,13
Contrôle,12,7
Contrôle,12,18
Contrôle,12,16
Contrôle,12,8
Contrôle,12,28
Contrôle,12,12
Contrôle,12,25
Contrôle,12,11
Contrôle,12,30
Contrôle,12,5
Contrôle,12,15
Contrôle,12,1
Contrôle,12,20
Contrôle,12,26
Contrôle,12,2
Contrôle,12,19
Contrôle,12,6
Contrôle,12,22
Contrôle,12,3
Contrôle,12,9
Contrôle,13,20
Contrôle,13,13
Contrôle,13,23
Contrôle,13,24
Contrôle,13,10
Contrôle,13,29
Contrôle,13,22
Contrôle,13,11
Contrôle,13,5
Contrôle,13,15
Contrôle,13,21
Contrôle,13,25
Contrôle,13,4
Contrôle,13,17
Contrôle,13,1
Contrôle,13,14
Contrôle,13,2
Contrôle,13,28
Contrôle,13,7
Contrôle,13,12
Contrôle,13,9
Contrôle,13,3
Contrôle,13,16
Contrôle,13,8
Contrôle,13,19
Contrôle,13,6
Contrôle,13,18
Contrôle,13,27
Contrôle,13,26
Contrôle,13,30
Contrôle,14,21
Contrôle,14,9
Contrôle,14,29
Contrôle,14,12
Contrôle,14,10
Contrôle,14,23
Contrôle,14,13
Contrôle,14,14
Contrôle,14,27
Contrôle,14,11
Contrôle,14,28
Contrôle,14,5
Contrôle,14,6
Contrôle,14,19
Contrôle,14,1
Contrôle,14,4
Contrôle,14,25
Contrôle,14,18
Contrôle,14,22
Contrôle,14,3
Contrôle,14,2
Contrôle,14,24
Contrôle,14,15
Contrôle,14,7
Contrôle,14,20
Contrôle,14,8
Contrôle,14,17
Contrôle,14,16
Contrôle,14,26
Contrôle,14,30
Contrôle,15,5
Contrôle,15,17
Contrôle,15,28
Contrôle,15,15
Contrôle,15,4
Contrôle,15,30
Contrôle,15,19
Contrôle,15,27
Contrôle,15,13
Contrôle,15,16
Contrôle,15,7
Contrôle,15,8
Contrôle,15,20
Contrôle,15,11
Contrôle,15,3
Contrôle,15,26
Contrôle,15,14
Contrôle,15,22
Contrôle,15,18
Contrôle,15,1
Contrôle,15,12
Contrôle,15,10
Contrôle,15,25
Contrôle,15,23
Contrôle,15,21
Contrôle,15,29
Contrôle,15,24
Contrôle,15,2
Contrôle,15,6
Contrôle,15,9
Contrôle,16,1
Contrôle,16,9
Contrôle,16,3
Contrôle,16,7
Contrôle,16,4
Contrôle,16,10
Contrôle,16,26
Contrôle,16,14
Contrôle,16,12
Contrôle,16,24
Contrôle,16,19
Contrôle,16,22
Contrôle,16,2
Contrôle,16,21
Contrôle,16,11
Contrôle,16,23
Contrôle,16,20
Contrôle,16,6
Contrôle,16,18
Contrôle,16,15
Contrôle,16,5
Contrôle,16,17
Contrôle,16,27
Contrôle,16,13
Contrôle,16,28
Contrôle,16,29
Contrôle,16,16
Contrôle,16,25
Contrôle,16,8
Contrôle,16,30
Contrôle,17,15
Contrôle,17,18
Contrôle,17,9
Contrôle,17,12
Contrôle,17,27
Contrôle,17,8
Contrôle,17,24
Contrôle,17,21
Contrôle,17,29
Contrôle,17,30
Contrôle,17,4
Contrôle,17,2
Contrôle,17,19
Contrôle,17,23
Contrôle,17,6
Contrôle,17,26
Contrôle,17,13
Contrôle,17,28
Contrôle,17,25
Contrôle,17,1
Contrôle,17,3
Contrôle,17,20
Contrôle,17,7
Contrôle,17,10
Contrôle,17,17
Contrôle,17,16
Contrôle,17,11
Contrôle,17,14
Contrôle,17,22
Contrôle,17,5
Contrôle,18,29
Contrôle,18,2
Contrôle,18,19
Contrôle,18,11
Contrôle,18,15
Contrôle,18,4
Contrôle,18,7
Contrôle,18,8
Contrôle,18,16
Contrôle,18,25
Contrôle,18,3
Contrôle,18,27
Contrôle,18,1
Contrôle,18,23
Contrôle,18,17
Contrôle,18,24
Contrôle,18,26
Contrôle,18,10
Contrôle,18,12
Contrôle,18,13
Contrôle,18,30
Contrôle,18,22
Contrôle,18,5
Contrôle,18,9
Contrôle,18,14
Contrôle,18,20
Contrôle,18,21
Contrôle,18,18
Contrôle,18,6
Contrôle,18,28
Contrôle,19,7
Contrôle,19,27
Contrôle,19,14
Contrôle,19,15
Contrôle,19,26
Contrôle,19,25
Contrôle,19,17
Contrôle,19,18
Contrôle,19,1
Contrôle,19,16
Contrôle,19,19
Contrôle,19,9
Contrôle,19,13
Contrôle,19,28
Contrôle,19,8
Contrôle,19,23
Contrôle,19,30
Contrôle,19,22
Contrôle,19,6
Contrôle,19,12
Contrôle,19,24
Contrôle,19,4
Contrôle,19,3
Contrôle,19,5
Contrôle,19,20
Contrôle,19,10
Contrôle,19,29
Contrôle,19,21
Contrôle,19,2
Contrôle,19,11
Contrôle,20,26
Contrôle,20,19
Contrôle,20,20
Contrôle,20,27
Contrôle,20,23
Contrôle,20,28
Contrôle,20,4
Contrôle,20,3
Contrôle,20,12
Contrôle,20,5
Contrôle,20,15
Contrôle,20,10
Contrôle,20,30
Contrôle,20,25
Contrôle,20,16
Contrôle,20,21
Contrôle,20,18
Contrôle,20,29
Contrôle,20,7
Contrôle,20,1
Contrôle,20,6
Contrôle,20,13
Contrôle,20,17
Contrôle,20,14
Contrôle,20,22
Contrôle,20,8
Contrôle,20,9
Contrôle,20,24
Contrôle,20,11
Contrôle,20,2
Contrôle,21,3
Contrôle,21,19
Contrôle,21,8
Contrôle,21,13
Contrôle,21,27
Contrôle,21,21
Contrôle,21,22
Contrôle,21,14
Contrôle,21,25
Contrôle,21,7
Contrôle,21,26
Contrôle,21,12
Contrôle,21,29
Contrôle,21,4
Contrôle,21,24
Contrôle,21,30
Contrôle,21,28
Contrôle,21,23
Contrôle,21,1
Contrôle,21,9
Contrôle,21,16
Contrôle,21,10
Contrôle,21,15
Contrôle,21,20
Contrôle,21,17
Contrôle,21,5
Contrôle,21,2
Contrôle,21,18
Contrôle,21,11
Contrôle,21,6
Contrôle,22,13
Contrôle,22,10
Contrôle,22,29
Contrôle,22,19
Contrôle,22,23
Contrôle,22,12
Contrôle,22,14
Contrôle,22,25
Contrôle,22,15
Contrôle,22,22
Contrôle,22,3
Contrôle,22,20
Contrôle,22,17
Contrôle,22,8
Contrôle,22,28
Contrôle,22,21
Contrôle,22,27
Contrôle,22,24
Contrôle,22,18
Contrôle,22,16
Contrôle,22,9
Contrôle,22,2
Contrôle,22,1
Contrôle,22,6
Contrôle,22,7
Contrôle,22,4
Contrôle,22,11
Contrôle,22,5
Contrôle,22,30
Contrôle,22,26
Contrôle,23,16
Contrôle,23,23
Contrôle,23,11
Contrôle,23,26
Contrôle,23,1
Contrôle,23,9
Contrôle,23,4
Contrôle,23,8
Contrôle,23,28
Contrôle,23,30
Contrôle,23,21
Contrôle,23,29
Contrôle,23,27
Contrôle,23,20
Contrôle,23,15
Contrôle,23,10
Contrôle,23,13
Contrôle,23,25
Contrôle,23,2
Contrôle,23,12
Contrôle,23,7
Contrôle,23,14
Contrôle,23,22
Contrôle,23,17
Contrôle,23,3
Contrôle,23,18
Contrôle,23,24
Contrôle,23,6
Contrôle,23,19
Contrôle,23,5
Contrôle,24,6
Contrôle,24,30
Contrôle,24,10
Contrôle,24,7
Contrôle,24,5
Contrôle,24,3
Contrôle,24,16
Contrôle,24,19
Contrôle,24,2
Contrôle,24,22
Contrôle,24,1
Contrôle,24,25
Contrôle,24,17
Contrôle,24,23
Contrôle,24,24
Contrôle,24,11
Contrôle,24,26
Contrôle,24,14
Contrôle,24,28
Contrôle,24,29
Contrôle,24,13
Contrôle,24,18
Contrôle,24,8
Contrôle,24,12
Contrôle,24,27
Contrôle,24,21
Contrôle,24,9
Contrôle,24,4
Contrôle,24,20
Contrôle,24,15
Contrôle,25,26
Contrôle,25,9
Contrôle,25,11
Contrôle,25,25
Contrôle,25,3
Contrôle,25,13
Contrôle,25,28
Contrôle,25,4
Contrôle,25,10
Contrôle,25,23
Contrôle,25,18
Contrôle,25,14
Contrôle,25,30
Contrôle,25,20
Contrôle,25,5
Contrôle,25,15
Contrôle,25,19
Contrôle,25,17
Contrôle,25,24
Contrôle,25,1
Contrôle,25,29
Contrôle,25,12
Contrôle,25,8
Contrôle,25,2
Contrôle,25,21
Contrôle,25,6
Contrôle,25,7
Contrôle,25,22
Contrôle,25,16
Contrôle,25,27
Contrôle,26,26
Contrôle,26,14
Contrôle,26,28
Contrôle,26,3
Contrôle,26,1
Contrôle,26,15
Contrôle,26,25
Contrôle,26,30
Contrôle,26,17
Contrôle,26,23
Contrôle,26,10
Contrôle,26,18
Contrôle,26,2
Contrôle,26,22
Contrôle,26,13
Contrôle,26,16
Contrôle,26,4
Contrôle,26,24
Contrôle,26,9
Contrôle,26,29
Contrôle,26,12
Contrôle,26,20
Contrôle,26,8
Contrôle,26,21
Contrôle,26,7
Contrôle,26,5
Contrôle,26,11
Contrôle,26,6
Contrôle,26,27
Contrôle,26,19
Contrôle,27,3
Contrôle,27,1
Contrôle,27,26
Contrôle,27,2
Contrôle,27,23
Contrôle,27,4
Contrôle,27,10
Contrôle,27,6
Contrôle,27,18
Contrôle,27,13
Contrôle,27,25
Contrôle,27,9
Contrôle,27,8
Contrôle,27,16
Contrôle,27,22
Contrôle,27,14
Contrôle,27,28
Contrôle,27,11
Contrôle,27,24
Contrôle,27,20
Contrôle,27,12
Contrôle,27,5
Contrôle,27,30
Contrôle,27,21
Contrôle,27,17
Contrôle,27,19
Contrôle,27,7
Contrôle,27,27
Contrôle,27,29
Contrôle,27,15
Contrôle,28,1
Contrôle,28,21
Contrôle,28,20
Contrôle,28,30
Contrôle,28,5
Contrôle,28,14
Contrôle,28,4
Contrôle,28,6
Contrôle,28,29
Contrôle,28,8
Contrôle,28,28
Contrôle,28,25
Contrôle,28,3
Contrôle,28,11
Contrôle,28,19
Contrôle,28,12
Contrôle,28,7
Contrôle,28,16
Contrôle,28,13
Contrôle,28,18
Contrôle,28,9
Contrôle,28,2
Contrôle,28,26
Contrôle,28,24
Contrôle,28,10
Contrôle,28,22
Contrôle,28,23
Contrôle,28,27
Contrôle,28,15
Contrôle,28,17
Contrôle,29,1
Contrôle,29,9
Contrôle,29,25
Contrôle,29,7
Contrôle,29,2
Contrôle,29,18
Contrôle,29,13
Contrôle,29,10
Contrôle,29,23
Contrôle,29,20
Contrôle,29,19
Contrôle,29,5
Contrôle,29,11
Contrôle,29,30
Contrôle,29,29
Contrôle,29,26
Contrôle,29,28
Contrôle,29,15
Contrôle,29,3
Contrôle,29,16
Contrôle,29,21
Contrôle,29,22
Contrôle,29,8
Contrôle,29,6
Contrôle,29,14
Contrôle,29,4
Contrôle,29,17
Contrôle,29,12
Contrôle,29,24
Contrôle,29,27
Contrôle,30,3
Contrôle,30,25
Contrôle,30,8
Contrôle,30,10
Contrôle,30,24
Contrôle,30,5
Contrôle,30,1
Contrôle,30,17
Contrôle,30,26
Contrôle,30,18
Contrôle,30,19
Contrôle,30,4
Contrôle,30,20
Contrôle,30,14
Contrôle,30,15
Contrôle,30,21
Contrôle,30,7
Contrôle,30,6
Contrôle,30,28
Contrôle,30,16
Contrôle,30,12
Contrôle,30,11
Contrôle,30,30
Contrôle,30,22
Contrôle,30,27
Contrôle,30,13
Contrôle,30,2
Contrôle,30,23
Contrôle,30,9
Contrôle,30,29
Contrôle,31,17
Contrôle,31,4
Contrôle,31,20
Contrôle,31,13
Contrôle,31,10
Contrôle,31,26
Contrôle,31,25
Contrôle,31,28
Contrôle,31,21
Contrôle,31,16
Contrôle,31,8
Contrôle,31,14
Contrôle,31,24
Contrôle,31,1
Contrôle,31,11
Contrôle,31,18
Contrôle,31,5
Contrôle,31,30
Contrôle,31,12
Contrôle,31,22
Contrôle,31,27
Contrôle,31,19
Contrôle,31,23
Contrôle,31,15
Contrôle,31,3
Contrôle,31,6
Contrôle,31,29
Contrôle,31,2
Contrôle,31,7
Contrôle,31,9
Contrôle,32,25
Contrôle,32,26
Contrôle,32,23
Contrôle,32,1
Contrôle,32,3
Contrôle,32,21
Contrôle,32,6
Contrôle,32,27
Contrôle,32,13
Contrôle,32,16
Contrôle,32,18
Contrôle,32,2
Contrôle,32,4
Contrôle,32,8
Contrôle,32,7
Contrôle,32,9
Contrôle,32,14
Contrôle,32,22
Contrôle,32,19
Contrôle,32,20
Contrôle,32,15
Contrôle,32,10
Contrôle,32,24
Contrôle,32,28
Contrôle,32,30
Contrôle,32,12
Contrôle,32,5
Contrôle,32,17
Contrôle,32,11
Contrôle,32,29
Contrôle,33,18
Contrôle,33,21
Contrôle,33,26
Contrôle,33,19
Contrôle,33,8
Contrôle,33,1
Contrôle,33,2
Contrôle,33,4
Contrôle,33,27
Contrôle,33,25
Contrôle,33,6
Contrôle,33,17
Contrôle,33,10
Contrôle,33,14
Contrôle,33,16
Contrôle,33,11
Contrôle,33,20
Contrôle,33,13
Contrôle,33,12
Contrôle,33,22
Contrôle,33,24
Contrôle,33,15
Contrôle,33,7
Contrôle,33,29
Contrôle,33,23
Contrôle,33,5
Contrôle,33,28
Contrôle,33,30
Contrôle,33,9
Contrôle,33,3
Contrôle,34,16
Contrôle,34,10
Contrôle,34,17
Contrôle,34,27
Contrôle,34,30
Contrôle,34,4
Contrôle,34,28
Contrôle,34,26
Contrôle,34,8
Contrôle,34,9
Contrôle,34,7
Contrôle,34,23
Contrôle,34,11
Contrôle,34,14
Contrôle,34,5
Contrôle,34,3
Contrôle,34,13
Contrôle,34,1
Contrôle,34,20
Contrôle,34,18
Contrôle,34,15
Contrôle,34,21
Contrôle,34,24
Contrôle,34,2
Contrôle,34,12
Contrôle,34,19
Contrôle,34,25
Contrôle,34,29
Contrôle,34,22
Contrôle,34,6
Contrôle,35,7
Contrôle,35,23
Contrôle,35,21
Contrôle,35,14
Contrôle,35,18
Contrôle,35,19
Contrôle,35,25
Contrôle,35,27
Contrôle,35,9
Contrôle,35,15
Contrôle,35,26
Contrôle,35,22
Contrôle,35,3
Contrôle,35,11
Contrôle,35,8
Contrôle,35,29
Contrôle,35,4
Contrôle,35,17
Contrôle,35,10
Contrôle,35,16
Contrôle,35,6
Contrôle,35,12
Contrôle,35,30
Contrôle,35,28
Contrôle,35,24
Contrôle,35,1
Contrôle,35,20
Contrôle,35,5
Contrôle,35,13
Contrôle,35,2
Contrôle,36,7
Contrôle,36,17
Contrôle,36,12
Contrôle,36,9
Contrôle,36,13
Contrôle,36,19
Contrôle,36,24
Contrôle,36,4
Contrôle,36,3
Contrôle,36,26
Contrôle,36,22
Contrôle,36,23
Contrôle,36,30
Contrôle,36,5
Contrôle,36,28
Contrôle,36,11
Contrôle,36,16
Contrôle,36,25
Contrôle,36,20
Contrôle,36,6
Contrôle,36,15
Contrôle,36,10
Contrôle,36,21
Contrôle,36,1
Contrôle,36,27
Contrôle,36,29
Contrôle,36,8
Contrôle,36,14
Contrôle,36,18
Contrôle,36,2
Contrôle,37,16
Contrôle,37,2
Contrôle,37,21
Contrôle,37,23
Contrôle,37,29
Contrôle,37,27
Contrôle,37,10
Contrôle,37,30
Contrôle,37,25
Contrôle,37,15
Contrôle,37,7
Contrôle,37,6
Contrôle,37,9
Contrôle,37,1
Contrôle,37,8
Contrôle,37,18
Contrôle,37,4
Contrôle,37,13
Contrôle,37,26
Contrôle,37,20
Contrôle,37,5
Contrôle,37,12
Contrôle,37,3
Contrôle,37,11
Contrôle,37,24
Contrôle,37,28
Contrôle,37,14
Contrôle,37,22
Contrôle,37,17
Contrôle,37,19
Contrôle,38,20
Contrôle,38,11
Contrôle,38,14
Contrôle,38,17
Contrôle,38,19
Contrôle,38,9
Contrôle,38,15
Contrôle,38,12
Contrôle,38,28
Contrôle,38,26
Contrôle,38,18
Contrôle,38,16
Contrôle,38,3
Contrôle,38,6
Contrôle,38,24
Contrôle,38,22
Contrôle,38,25
Contrôle,38,29
Contrôle,38,7
Contrôle,38,1
Contrôle,38,30
Contrôle,38,5
Contrôle,38,4
Contrôle,38,23
Contrôle,38,8
Contrôle,38,13
Contrôle,38,21
Contrôle,38,27
Contrôle,38,10
Contrôle,38,2
Contrôle,39,22
Contrôle,39,20
Contrôle,39,11
Contrôle,39,6
Contrôle,39,27
Contrôle,39,18
Contrôle,39,7
Contrôle,39,26
Contrôle,39,14
Contrôle,39,4
Contrôle,39,2
Contrôle,39,1
Contrôle,39,15
Contrôle,39,30
Contrôle,39,19
Contrôle,39,9
Contrôle,39,5
Contrôle,39,8
Contrôle,39,3
Contrôle,39,28
Contrôle,39,29
Contrôle,39,10
Contrôle,39,25
Contrôle,39,12
Contrôle,39,21
Contrôle,39,13
Contrôle,39,17
Contrôle,39,23
Contrôle,39,16
Contrôle,39,24
Contrôle,40,1
Contrôle,40,26
Contrôle,40,3
Contrôle,40,5
Contrôle,40,12
Contrôle,40,19
Contrôle,40,27
Contrôle,40,4
Contrôle,40,24
Contrôle,40,23
Contrôle,40,18
Contrôle,40,15
Contrôle,40,11
Contrôle,40,25
Contrôle,40,28
Contrôle,40,6
Contrôle,40,22
Contrôle,40,30
Contrôle,40,14
Contrôle,40,8
Contrôle,40,16
Contrôle,40,17
Contrôle,40,2
Contrôle,40,9
Contrôle,40,10
Contrôle,40,13
Contrôle,40,21
Contrôle,40,7
Contrôle,40,20
Contrôle,40,29
Contrôle,41,13
Contrôle,41,2
Contrôle,41,19
Contrôle,41,14
Contrôle,41,21
Contrôle,41,27
Contrôle,41,11
Contrôle,41,20
Contrôle,41,15
Contrôle,41,29
Contrôle,41,3
Contrôle,41,16
Contrôle,41,8
Contrôle,41,9
Contrôle,41,6
Contrôle,41,10
Contrôle,41,17
Contrôle,41,23
Contrôle,41,18
Contrôle,41,4
Contrôle,41,5
Contrôle,41,24
Contrôle,41,26
Contrôle,41,12
Contrôle,41,7
Contrôle,41,30
Contrôle,41,22
Contrôle,41,28
Contrôle,41,25
Contrôle,41,1
Contrôle,42,7
Contrôle,42,17
Contrôle,42,10
Contrôle,42,26
Contrôle,42,29
Contrôle,42,11
Contrôle,42,30
Contrôle,42,1
Contrôle,42,13
Contrôle,42,24
Contrôle,42,28
Contrôle,42,16
Contrôle,42,4
Contrôle,42,2
Contrôle,42,22
Contrôle,42,3
Contrôle,42,12
Contrôle,42,23
Contrôle,42,25
Contrôle,42,20
Contrôle,42,9
Contrôle,42,18
Contrôle,42,15
Contrôle,42,21
Contrôle,42,27
Contrôle,42,5
Contrôle,42,8
Contrôle,42,6
Contrôle,42,14
Contrôle,42,19
Contrôle,43,12
Contrôle,43,13
Contrôle,43,10
Contrôle,43,19
Contrôle,43,7
Contrôle,43,22
Contrôle,43,23
Contrôle,43,11
Contrôle,43,1
Contrôle,43,20
Contrôle,43,9
Contrôle,43,16
Contrôle,43,28
Contrôle,43,21
Contrôle,43,3
Contrôle,43,25
Contrôle,43,18
Contrôle,43,5
Contrôle,43,15
Contrôle,43,30
Contrôle,43,17
Contrôle,43,26
Contrôle,43,24
Contrôle,43,6
Contrôle,43,8
Contrôle,43,4
Contrôle,43,14
Contrôle,43,2
Contrôle,43,27
Contrôle,43,29
Contrôle,44,8
Contrôle,44,11
Contrôle,44,9
Contrôle,44,6
Contrôle,44,17
Contrôle,44,1
Contrôle,44,4
Contrôle,44,12
Contrôle,44,29
Contrôle,44,22
Contrôle,44,14
Contrôle,44,19
Contrôle,44,18
Contrôle,44,26
Contrôle,44,21
Contrôle,44,23
Contrôle,44,20
Contrôle,44,3
Contrôle,44,28
Contrôle,44,2
Contrôle,44,5
Contrôle,44,7
Contrôle,44,25
Contrôle,44,16
Contrôle,44,30
Contrôle,44,10
Contrôle,44,15
Contrôle,44,24
Contrôle,44,13
Contrôle,44,27
Contrôle,45,12
Contrôle,45,10
Contrôle,45,20
Contrôle,45,16
Contrôle,45,4
Contrôle,45,8
Contrôle,45,29
Contrôle,45,13
Contrôle,45,23
Contrôle,45,7
Contrôle,45,25
Contrôle,45,18
Contrôle,45,24
Contrôle,45,11
Contrôle,45,5
Contrôle,45,6
Contrôle,45,19
Contrôle,45,27
Contrôle,45,15
Contrôle,45,2
Contrôle,45,22
Contrôle,45,9
Contrôle,45,1
Contrôle,45,3
Contrôle,45,17
Contrôle,45,21
Contrôle,45,28
Contrôle,45,30
Contrôle,45,26
Contrôle,45,14
Contrôle,46,10
Contrôle,46,13
Contrôle,46,29
Contrôle,46,27
Contrôle,46,16
Contrôle,46,8
Contrôle,46,21
Contrôle,46,25
Contrôle,46,15
Contrôle,46,19
Contrôle,46,17
Contrôle,46,2
Contrôle,46,6
Contrôle,46,30
Contrôle,46,7
Contrôle,46,28
Contrôle,46,22
Contrôle,46,9
Contrôle,46,26
Contrôle,46,14
Contrôle,46,1
Contrôle,46,3
Contrôle,46,24
Contrôle,46,18
Contrôle,46,12
Contrôle,46,5
Contrôle,46,23
Contrôle,46,20
Contrôle,46,4
Contrôle,46,11
Contrôle,47,16
Contrôle,47,11
Contrôle,47,9
Contrôle,47,10
Contrôle,47,27
Contrôle,47,14
Contrôle,47,30
Contrôle,47,26
Contrôle,47,13
Contrôle,47,15
Contrôle,47,18
Contrôle,47,19
Contrôle,47,8
Contrôle,47,29
Contrôle,47,3
Contrôle,47,2
Contrôle,47,20
Contrôle,47,17
Contrôle,47,23
Contrôle,47,7
Contrôle,47,12
Contrôle,47,28
Contrôle,47,24
Contrôle,47,21
Contrôle,47,25
Contrôle,47,6
Contrôle,47,4
Contrôle,47,5
Contrôle,47,22
Contrôle,47,1
Contrôle,48,8
Contrôle,48,9
Contrôle,48,21
Contrôle,48,6
Contrôle,48,30
Contrôle,48,23
Contrôle,48,5
Contrôle,48,4
Contrôle,48,17
Contrôle,48,12
Contrôle,48,11
Contrôle,48,14
Contrôle,48,28
Contrôle,48,13
Contrôle,48,24
Contrôle,48,15
Contrôle,48,19
Contrôle,48,1
Contrôle,48,29
Contrôle,48,16
Contrôle,48,25
Contrôle,48,22
Contrôle,48,7
Contrôle,48,2
Contrôle,48,18
Contrôle,48,10
Contrôle,48,26
Contrôle,48,27
Contrôle,48,20
Contrôle,48,3
Contrôle,49,13
Contrôle,49,4
Contrôle,49,23
Contrôle,49,20
Contrôle,49,11
Contrôle,49,5
Contrôle,49,1
Contrôle,49,8
Contrôle,49,25
Contrôle,49,12
Contrôle,49,21
Contrôle,49,6
Contrôle,49,17
Contrôle,49,27
Contrôle,49,22
Contrôle,49,26
Contrôle,49,9
Contrôle,49,19
Contrôle,49,3
Contrôle,49,24
Contrôle,49,2
Contrôle,49,30
Contrôle,49,10
Contrôle,49,15
Contrôle,49,14
Contrôle,49,16
Contrôle,49,29
Contrôle,49,28
Contrôle,49,18
Contrôle,49,7
Contrôle,50,27
Contrôle,50,21
Contrôle,50,10
Contrôle,50,14
Contrôle,50,29
Contrôle,50,11
Contrôle,50,30
Contrôle,50,7
Contrôle,50,4
Contrôle,50,6
Contrôle,50,5
Contrôle,50,20
Contrôle,50,28
Contrôle,50,16
Contrôle,50,18
Contrôle,50,22
Contrôle,50,26
Contrôle,50,8
Contrôle,50,2
Contrôle,50,13
Contrôle,50,1
Contrôle,50,17
Contrôle,50,24
Contrôle,50,12
Contrôle,50,3
Contrôle,50,9
Contrôle,50,25
Contrôle,50,23
Contrôle,50,19
Contrôle,50,15
Contrôle,51,4
Contrôle,51,12
Contrôle,51,13
Contrôle,51,17
Contrôle,51,3
Contrôle,51,9
Contrôle,51,1
Contrôle,51,8
Contrôle,51,18
Contrôle,51,16
Contrôle,51,27
Contrôle,51,2
Contrôle,51,26
Contrôle,51,29
Contrôle,51,7
Contrôle,51,22
Contrôle,51,19
Contrôle,51,14
Contrôle,51,23
Contrôle,51,6
Contrôle,51,5
Contrôle,51,20
Contrôle,51,28
Contrôle,51,11
Contrôle,51,25
Contrôle,51,24
Contrôle,51,10
Contrôle,51,15
Contrôle,51,21
Contrôle,51,30
Contrôle,52,22
Contrôle,52,21
Contrôle,52,19
Contrôle,52,25
Contrôle,52,6
Contrôle,52,11
Contrôle,52,1
Contrôle,52,4
Contrôle,52,16
Contrôle,52,30
Contrôle,52,9
Contrôle,52,7
Contrôle,52,20
Contrôle,52,24
Contrôle,52,14
Contrôle,52,10
Contrôle,52,3
Contrôle,52,8
Contrôle,52,27
Contrôle,52,29
Contrôle,52,23
Contrôle,52,28
Contrôle,52,2
Contrôle,52,17
Contrôle,52,12
Contrôle,52,18
Contrôle,52,26
Contrôle,52,13
Contrôle,52,5
Contrôle,52,15
Contrôle,53,6
Contrôle,53,13
Contrôle,53,11
Contrôle,53,2
Contrôle,53,1
Contrôle,53,23
Contrôle,53,8
Contrôle,53,25
Contrôle,53,15
Contrôle,53,18
Contrôle,53,9
Contrôle,53,21
Contrôle,53,14
Contrôle,53,5
Contrôle,53,28
Contrôle,53,19
Contrôle,53,16
Contrôle,53,20
Contrôle,53,29
Contrôle,53,27
Contrôle,53,26
Contrôle,53,4
Contrôle,53,17
Contrôle,53,7
Contrôle,53,30
Contrôle,53,12
Contrôle,53,22
Contrôle,53,24
Contrôle,53,3
Contrôle,53,10
Contrôle,54,17
Contrôle,54,3
Contrôle,54,20
Contrôle,54,23
Contrôle,54,11
Contrôle,54,5
Contrôle,54,7
Contrôle,54,1
Contrôle,54,12
Contrôle,54,13
Contrôle,54,22
Contrôle,54,18
Contrôle,54,8
Contrôle,54,25
Contrôle,54,9
Contrôle,54,27
Contrôle,54,10
Contrôle,54,14
Contrôle,54,29
Contrôle,54,28
Contrôle,54,16
Contrôle,54,26
Contrôle,54,19
Contrôle,54,6
Contrôle,54,24
Contrôle,54,4
Contrôle,54,2
Contrôle,54,30
Contrôle,54,15
Contrôle,54,21
Contrôle,55,16
Contrôle,55,10
Contrôle,55,23
Contrôle,55,22
Contrôle,55,21
Contrôle,55,14
Contrôle,55,3
Contrôle,55,26
Contrôle,55,24
Contrôle,55,18
Contrôle,55,12
Contrôle,55,11
Contrôle,55,25
Contrôle,55,7
Contrôle,55,13
Contrôle,55,30
Contrôle,55,20
Contrôle,55,6
Contrôle,55,2
Contrôle,55,8
Contrôle,55,1
Contrôle,55,29
Contrôle,55,9
Contrôle,55,5
Contrôle,55,17
Contrôle,55,19
Contrôle,55,4
Contrôle,55,27
Contrôle,55,28
Contrôle,55,15
Contrôle,56,5
Contrôle,56,2
Contrôle,56,27
Contrôle,56,23
Contrôle,56,10
Contrôle,56,11
Contrôle,56,24
Contrôle,56,3
Contrôle,56,16
Contrôle,56,12
Contrôle,56,18
Contrôle,56,14
Contrôle,56,21
Contrôle,56,28
Contrôle,56,8
Contrôle,56,7
Contrôle,56,17
Contrôle,56,25
Contrôle,56,4
Contrôle,56,15
Contrôle,56,30
Contrôle,56,6
Contrôle,56,26
Contrôle,56,1
Contrôle,56,19
Contrôle,56,13
Contrôle,56,29
Contrôle,56,9
Contrôle,56,20
Contrôle,56,22
Contrôle,57,10
Contrôle,57,1
Contrôle,57,9
Contrôle,57,20
Contrôle,57,2
Contrôle,57,25
Contrôle,57,27
Contrôle,57,21
Contrôle,57,12
Contrôle,57,8
Contrôle,57,30
Contrôle,57,3
Contrôle,57,5
Contrôle,57,7
Contrôle,57,17
Contrôle,57,24
Contrôle,57,26
Contrôle,57,16
Contrôle,57,14
Contrôle,57,13
Contrôle,57,29
Contrôle,57,23
Contrôle,57,11
Contrôle,57,22
Contrôle,57,4
Contrôle,57,6
Contrôle,57,15
Contrôle,57,19
Contrôle,57,28
Contrôle,57,18
Contrôle,58,23
Contrôle,58,1
Contrôle,58,22
Contrôle,58,10
Contrôle,58,11
Contrôle,58,29
Contrôle,58,9
Contrôle,58,8
Contrôle,58,26
Contrôle,58,18
Contrôle,58,14
Contrôle,58,7
Contrôle,58,15
Contrôle,58,19
Contrôle,58,16
Contrôle,58,12
Contrôle,58,5
Contrôle,58,4
Contrôle,58,2
Contrôle,58,27
Contrôle,58,6
Contrôle,58,24
Contrôle,58,30
Contrôle,58,13
Contrôle,58,3
Contrôle,58,17
Contrôle,58,20
Contrôle,58,28
Contrôle,58,25
Contrôle,58,21
Contrôle,59,10
Contrôle,59,14
Contrôle,59,7
Contrôle,59,19
Contrôle,59,11
Contrôle,59,18
Contrôle,59,23
Contrôle,59,2
Contrôle,59,29
Contrôle,59,16
Contrôle,59,22
Contrôle,59,17
Contrôle,59,15
Contrôle,59,21
Contrôle,59,27
Contrôle,59,9
Contrôle,59,26
Contrôle,59,8
Contrôle,59,1
Contrôle,59,6
Contrôle,59,24
Contrôle,59,20
Contrôle,59,12
Contrôle,59,25
Contrôle,59,13
Contrôle,59,28
Contrôle,59,4
Contrôle,59,3
Contrôle,59,5
Contrôle,59,30
Contrôle,60,20
Contrôle,60,18
Contrôle,60,25
Contrôle,60,22
Contrôle,60,8
Contrôle,60,2
Contrôle,60,11
Contrôle,60,10
Contrôle,60,15
Contrôle,60,16
Contrôle,60,12
Contrôle,60,9
Contrôle,60,4
Contrôle,60,26
Contrôle,60,13
Contrôle,60,29
Contrôle,60,23
Contrôle,60,24
Contrôle,60,5
Contrôle,60,27
Contrôle,60,28
Contrôle,60,30
Contrôle,60,6
Contrôle,60,21
Contrôle,60,17
Contrôle,60,1
Contrôle,60,7
Contrôle,60,14
Contrôle,60,3
Contrôle,60,19
Contrôle,61,10
Contrôle,61,12
Contrôle,61,9
Contrôle,61,4
Contrôle,61,8
Contrôle,61,7
Contrôle,61,28
Contrôle,61,1
Contrôle,61,17
Contrôle,61,30
Contrôle,61,13
Contrôle,61,2
Contrôle,61,23
Contrôle,61,27
Contrôle,61,18
Contrôle,61,15
Contrôle,61,25
Contrôle,61,11
Contrôle,61,14
Contrôle,61,19
Contrôle,61,16
Contrôle,61,22
Contrôle,61,20
Contrôle,61,6
Contrôle,61,24
Contrôle,61,3
Contrôle,61,29
Contrôle,61,21
Contrôle,61,5
Contrôle,61,26
Contrôle,62,4
Contrôle,62,8
Contrôle,62,30
Contrôle,62,5
Contrôle,62,15
Contrôle,62,2
Contrôle,62,16
Contrôle,62,17
Contrôle,62,9
Contrôle,62,26
Contrôle,62,25
Contrôle,62,12
Contrôle,62,27
Contrôle,62,28
Contrôle,62,18
Contrôle,62,10
Contrôle,62,6
Contrôle,62,22
Contrôle,62,19
Contrôle,62,14
Contrôle,62,3
Contrôle,62,7
Contrôle,62,24
Contrôle,62,1
Contrôle,62,20
Contrôle,62,13
Contrôle,62,29
Contrôle,62,11
Contrôle,62,21
Contrôle,62,23
Contrôle,63,5
Contrôle,63,25
Contrôle,63,28
Contrôle,63,1
Contrôle,63,14
Contrôle,63,20
Contrôle,63,13
Contrôle,63,6
Contrôle,63,11
Contrôle,63,7
Contrôle,63,29
Contrôle,63,26
Contrôle,63,19
Contrôle,63,27
Contrôle,63,21
Contrôle,63,16
Contrôle,63,2
Contrôle,63,4
Contrôle,63,18
Contrôle,63,30
Contrôle,63,3
Contrôle,63,22
Contrôle,63,8
Contrôle,63,24
Contrôle,63,10
Contrôle,63,12
Contrôle,63,17
Contrôle,63,15
Contrôle,63,9
Contrôle,63,23
Contrôle,64,28
Contrôle,64,9
Contrôle,64,7
Contrôle,64,29
Contrôle,64,27
Contrôle,64,16
Contrôle,64,25
Contrôle,64,3
Contrôle,64,11
Contrôle,64,1
Contrôle,64,14
Contrôle,64,19
Contrôle,64,18
Contrôle,64,24
Contrôle,64,8
Contrôle,64,6
Contrôle,64,15
Contrôle,64,13
Contrôle,64,26
Contrôle,64,5
Contrôle,64,22
Contrôle,64,30
Contrôle,64,20
Contrôle,64,4
Contrôle,64,23
Contrôle,64,17
Contrôle,64,10
Contrôle,64,12
Contrôle,64,21
Contrôle,64,2
Contrôle,65,16
Contrôle,65,5
Contrôle,65,9
Contrôle,65,6
Contrôle,65,4
Contrôle,65,22
Contrôle,65,28
Contrôle,65,2
Contrôle,65,15
Contrôle,65,17
Contrôle,65,11
Contrôle,65,10
Contrôle,65,14
Contrôle,65,30
Contrôle,65,18
Contrôle,65,8
Contrôle,65,12
Contrôle,65,3
Contrôle,65,29
Contrôle,65,21
Contrôle,65,1
Contrôle,65,19
Contrôle,65,26
Contrôle,65,23
Contrôle,65,27
Contrôle,65,13
Contrôle,65,7
Contrôle,65,25
Contrôle,65,24
Contrôle,65,20
Contrôle,66,21
Contrôle,66,4
Contrôle,66,18
Contrôle,66,28
Contrôle,66,9
Contrôle,66,27
Contrôle,66,14
Contrôle,66,7
Contrôle,66,30
Contrôle,66,1
Contrôle,66,19
Contrôle,66,16
Contrôle,66,6
Contrôle,66,8
Contrôle,66,26
Contrôle,66,20
Contrôle,66,2
Contrôle,66,5
Contrôle,66,3
Contrôle,66,24
Contrôle,66,10
Contrôle,66,29
Contrôle,66,17
Contrôle,66,25
Contrôle,66,12
Contrôle,66,15
Contrôle,66,22
Contrôle,66,23
Contrôle,66,13
Contrôle,66,11
Contrôle,67,30
Contrôle,67,2
Contrôle,67,16
Contrôle,67,19
Contrôle,67,8
Contrôle,67,13
Contrôle,67,21
Contrôle,67,12
Contrôle,67,3
Contrôle,67,7
Contrôle,67,28
Contrôle,67,1
Contrôle,67,17
Contrôle,67,23
Contrôle,67,24
Contrôle,67,22
Contrôle,67,25
Contrôle,67,4
Contrôle,67,9
Contrôle,67,27
Contrôle,67,15
Contrôle,67,18
Contrôle,67,6
Contrôle,67,5
Contrôle,67,29
Contrôle,67,11
Contrôle,67,26
Contrôle,67,14
Contrôle,67,10
Contrôle,67,20
Contrôle,68,10
Contrôle,68,28
Contrôle,68,14
Contrôle,68,27
Contrôle,68,22
Contrôle,68,25
Contrôle,68,3
Contrôle,68,8
Contrôle,68,21
Contrôle,68,29
Contrôle,68,20
Contrôle,68,19
Contrôle,68,26
Contrôle,68,7
Contrôle,68,11
Contrôle,68,4
Contrôle,68,5
Contrôle,68,16
Contrôle,68,9
Contrôle,68,12
Contrôle,68,15
Contrôle,68,6
Contrôle,68,18
Contrôle,68,2
Contrôle,68,17
Contrôle,68,23
Contrôle,68,30
Contrôle,68,1
Contrôle,68,13
Contrôle,68,24
Contrôle,69,27
Contrôle,69,4
Contrôle,69,28
Contrôle,69,25
Contrôle,69,7
Contrôle,69,23
Contrôle,69,20
Contrôle,69,11
Contrôle,69,2
Contrôle,69,19
Contrôle,69,26
Contrôle,69,5
Contrôle,69,15
Contrôle,69,17
Contrôle,69,29
Contrôle,69,22
Contrôle,69,9
Contrôle,69,12
Contrôle,69,3
Contrôle,69,6
Contrôle,69,16
Contrôle,69,8
Contrôle,69,10
Contrôle,69,18
Contrôle,69,24
Contrôle,69,21
Contrôle,69,1
Contrôle,69,30
Contrôle,69,13
Contrôle,69,14
Contrôle,70,21
Contrôle,70,15
Contrôle,70,16
Contrôle,70,23
Contrôle,70,9
Contrôle,70,1
Contrôle,70,20
Contrôle,70,18
Contrôle,70,19
Contrôle,70,2
Contrôle,70,25
Contrôle,70,12
Contrôle,70,28
Contrôle,70,8
Contrôle,70,24
Contrôle,70,7
Contrôle,70,6
Contrôle,70,29
Contrôle,70,30
Contrôle,70,14
Contrôle,70,3
Contrôle,70,5
Contrôle,70,17
Contrôle,70,4
Contrôle,70,26
Contrôle,70,27
Contrôle,70,10
Contrôle,70,13
Contrôle,70,11
Contrôle,70,22
Contrôle,71,18
Contrôle,71,23
Contrôle,71,21
Contrôle,71,8
Contrôle,71,28
Contrôle,71,11
Contrôle,71,4
Contrôle,71,14
Contrôle,71,19
Contrôle,71,17
Contrôle,71,2
Contrôle,71,20
Contrôle,71,30
Contrôle,71,22
Contrôle,71,24
Contrôle,71,7
Contrôle,71,25
Contrôle,71,12
Contrôle,71,27
Contrôle,71,5
Contrôle,71,26
Contrôle,71,13
Contrôle,71,15
Contrôle,71,3
Contrôle,71,16
Contrôle,71,9
Contrôle,71,6
Contrôle,71,29
Contrôle,71,10
Contrôle,71,1
Contrôle,72,25
Contrôle,72,9
Contrôle,72,15
Contrôle,72,8
Contrôle,72,23
Contrôle,72,18
Contrôle,72,29
Contrôle,72,26
Contrôle,72,16
Contrôle,72,5
Contrôle,72,13
Contrôle,72,7
Contrôle,72,28
Contrôle,72,6
Contrôle,72,21
Contrôle,72,2
Contrôle,72,27
Contrôle,72,1
Contrôle,72,4
Contrôle,72,12
Contrôle,72,24
Contrôle,72,30
Contrôle,72,3
Contrôle,72,11
Contrôle,72,17
Contrôle,72,10
Contrôle,72,19
Contrôle,72,20
Contrôle,72,14
Contrôle,72,22
Contrôle,73,27
Contrôle,73,11
Contrôle,73,14
Contrôle,73,12
Contrôle,73,19
Contrôle,73,2
Contrôle,73,17
Contrôle,73,16
Contrôle,73,15
Contrôle,73,29
Contrôle,73,6
Contrôle,73,8
Contrôle,73,25
Contrôle,73,5
Contrôle,73,1
Contrôle,73,26
Contrôle,73,24
Contrôle,73,3
Contrôle,73,10
Contrôle,73,13
Contrôle,73,28
Contrôle,73,7
Contrôle,73,23
Contrôle,73,22
Contrôle,73,20
Contrôle,73,30
Contrôle,73,4
Contrôle,73,9
Contrôle,73,18
Contrôle,73,21
Contrôle,74,27
Contrôle,74,7
Contrôle,74,8
Contrôle,74,17
Contrôle,74,9
Contrôle,74,19
Contrôle,74,2
Contrôle,74,21
Contrôle,74,30
Contrôle,74,25
Contrôle,74,23
Contrôle,74,29
Contrôle,74,4
Contrôle,74,3
Contrôle,74,24
Contrôle,74,28
Contrôle,74,12
Contrôle,74,14
Contrôle,74,1
Contrôle,74,26
Contrôle,74,10
Contrôle,74,22
Contrôle,74,6
Contrôle,74,5
Contrôle,74,13
Contrôle,74,11
Contrôle,74,20
Contrôle,74,18
Contrôle,74,16
Contrôle,74,15
Contrôle,75,1
Contrôle,75,13
Contrôle,75,14
Contrôle,75,22
Contrôle,75,8
Contrôle,75,15
Contrôle,75,5
Contrôle,75,19
Contrôle,75,28
Contrôle,75,6
Contrôle,75,17
Contrôle,75,12
Contrôle,75,18
Contrôle,75,4
Contrôle,75,30
Contrôle,75,21
Contrôle,75,11
Contrôle,75,26
Contrôle,75,3
Contrôle,75,16
Contrôle,75,9
Contrôle,75,2
Contrôle,75,25
Contrôle,75,20
Contrôle,75,29
Contrôle,75,7
Contrôle,75,27
Contrôle,75,10
Contrôle,75,23
Contrôle,75,24
Contrôle,76,19
Contrôle,76,14
Contrôle,76,24
Contrôle,76,8
Contrôle,76,11
Contrôle,76,20
Contrôle,76,21
Contrôle,76,13
Contrôle,76,27
Contrôle,76,23
Contrôle,76,7
Contrôle,76,4
Contrôle,76,10
Contrôle,76,1
Contrôle,76,3
Contrôle,76,16
Contrôle,76,5
Contrôle,76,29
Contrôle,76,26
Contrôle,76,30
Contrôle,76,18
Contrôle,76,28
Contrôle,76,25
Contrôle,76,15
Contrôle,76,22
Contrôle,76,17
Contrôle,76,6
Contrôle,76,9
Contrôle,76,2
Contrôle,76,12
Contrôle,77,4
Contrôle,77,10
Contrôle,77,17
Contrôle,77,19
Contrôle,77,6
Contrôle,77,11
Contrôle,77,30
Contrôle,77,5
Contrôle,77,28
Contrôle,77,25
Contrôle,77,23
Contrôle,77,16
Contrôle,77,8
Contrôle,77,3
Contrôle,77,22
Contrôle,77,15
Contrôle,77,18
Contrôle,77,7
Contrôle,77,9
Contrôle,77,12
Contrôle,77,13
Contrôle,77,14
Contrôle,77,2
Contrôle,77,21
Contrôle,77,26
Contrôle,77,29
Contrôle,77,24
Contrôle,77,1
Contrôle,77,20
Contrôle,77,27
Contrôle,78,17
Contrôle,78,15
Contrôle,78,29
Contrôle,78,11
Contrôle,78,16
Contrôle,78,7
Contrôle,78,26
Contrôle,78,24
Contrôle,78,13
Contrôle,78,25
Contrôle,78,28
Contrôle,78,30
Contrôle,78,21
Contrôle,78,8
Contrôle,78,14
Contrôle,78,18
Contrôle,78,20
Contrôle,78,23
Contrôle,78,1
Contrôle,78,5
Contrôle,78,27
Contrôle,78,6
Contrôle,78,9
Contrôle,78,10
Contrôle,78,19
Contrôle,78,4
Contrôle,78,3
Contrôle,78,12
Contrôle,78,22
Contrôle,78,2
Contrôle,79,16
Contrôle,79,15
Contrôle,79,4
Contrôle,79,7
Contrôle,79,5
Contrôle,79,27
Contrôle,79,28
Contrôle,79,10
Contrôle,79,26
Contrôle,79,2
Contrôle,79,18
Contrôle,79,22
Contrôle,79,24
Contrôle,79,6
Contrôle,79,17
Contrôle,79,12
Contrôle,79,9
Contrôle,79,3
Contrôle,79,23
Contrôle,79,11
Contrôle,79,13
Contrôle,79,25
Contrôle,79,21
Contrôle,79,30
Contrôle,79,8
Contrôle,79,20
Contrôle,79,1
Contrôle,79,29
Contrôle,79,14
Contrôle,79,19
Contrôle,80,1
Contrôle,80,2
Contrôle,80,9
Contrôle,80,28
Contrôle,80,29
Contrôle,80,18
Contrôle,80,30
Contrôle,80,19
Contrôle,80,12
Contrôle,80,17
Contrôle,80,23
Contrôle,80,11
Contrôle,80,25
Contrôle,80,6
Contrôle,80,5
Contrôle,80,15
Contrôle,80,4
Contrôle,80,20
Contrôle,80,14
Contrôle,80,8
Contrôle,80,13
Contrôle,80,3
Contrôle,80,24
Contrôle,80,27
Contrôle,80,22
Contrôle,80,7
Contrôle,80,26
Contrôle,80,21
Contrôle,80,10
Contrôle,80,16
Contrôle,81,1
Contrôle,81,16
Contrôle,81,12
Contrôle,81,27
Contrôle,81,2
Contrôle,81,29
Contrôle,81,28
Contrôle,81,30
Contrôle,81,5
Contrôle,81,14
Contrôle,81,11
Contrôle,81,17
Contrôle,81,13
Contrôle,81,9
Contrôle,81,22
Contrôle,81,6
Contrôle,81,3
Contrôle,81,25
Contrôle,81,4
Contrôle,81,20
Contrôle,81,21
Contrôle,81,7
Contrôle,81,23
Contrôle,81,10
Contrôle,81,26
Contrôle,81,18
Contrôle,81,15
Contrôle,81,8
Contrôle,81,19
Contrôle,81,24
Contrôle,82,19
Contrôle,82,23
Contrôle,82,26
Contrôle,82,17
Contrôle,82,27
Contrôle,82,28
Contrôle,82,29
Contrôle,82,24
Contrôle,82,6
Contrôle,82,7
Contrôle,82,30
Contrôle,82,8
Contrôle,82,14
Contrôle,82,15
Contrôle,82,2
Contrôle,82,13
Contrôle,82,10
Contrôle,82,1
Contrôle,82,16
Contrôle,82,5
Contrôle,82,9
Contrôle,82,4
Contrôle,82,3
Contrôle,82,21
Contrôle,82,20
Contrôle,82,22
Contrôle,82,25
Contrôle,82,18
Contrôle,82,11
Contrôle,82,12
Contrôle,83,29
Contrôle,83,13
Contrôle,83,24
Contrôle,83,3
Contrôle,83,20
Contrôle,83,7
Contrôle,83,30
Contrôle,83,2
Contrôle,83,17
Contrôle,83,26
Contrôle,83,15
Contrôle,83,23
Contrôle,83,18
Contrôle,83,4
Contrôle,83,28
Contrôle,83,11
Contrôle,83,6
Contrôle,83,10
Contrôle,83,5
Contrôle,83,25
Contrôle,83,22
Contrôle,83,14
Contrôle,83,27
Contrôle,83,21
Contrôle,83,8
Contrôle,83,9
Contrôle,83,16
Contrôle,83,19
Contrôle,83,1
Contrôle,83,12
Contrôle,84,8
Contrôle,84,29
Contrôle,84,13
Contrôle,84,19
Contrôle,84,3
Contrôle,84,6
Contrôle,84,23
Contrôle,84,14
Contrôle,84,9
Contrôle,84,28
Contrôle,84,26
Contrôle,84,10
Contrôle,84,4
Contrôle,84,5
Contrôle,84,21
Contrôle,84,11
Contrôle,84,24
Contrôle,84,2
Contrôle,84,25
Contrôle,84,12
Contrôle,84,15
Contrôle,84,17
Contrôle,84,16
Contrôle,84,27
Contrôle,84,7
Contrôle,84,30
Contrôle,84,18
Contrôle,84,20
Contrôle,84,1
Contrôle,84,22
Contrôle,85,8
Contrôle,85,14
Contrôle,85,12
Contrôle,85,23
Contrôle,85,4
Contrôle,85,22
Contrôle,85,10
Contrôle,85,15
Contrôle,85,3
Contrôle,85,19
Contrôle,85,13
Contrôle,85,24
Contrôle,85,28
Contrôle,85,17
Contrôle,85,20
Contrôle,85,27
Contrôle,85,21
Contrôle,85,6
Contrôle,85,18
Contrôle,85,30
Contrôle,85,26
Contrôle,85,29
Contrôle,85,1
Contrôle,85,9
Contrôle,85,7
Contrôle,85,11
Contrôle,85,25
Contrôle,85,5
Contrôle,85,16
Contrôle,85,2
Contrôle,86,28
Contrôle,86,19
Contrôle,86,25
Contrôle,86,12
Contrôle,86,29
Contrôle,86,5
Contrôle,86,13
Contrôle,86,21
Contrôle,86,7
Contrôle,86,22
Contrôle,86,9
Contrôle,86,17
Contrôle,86,24
Contrôle,86,8
Contrôle,86,14
Contrôle,86,4
Contrôle,86,6
Contrôle,86,2
Contrôle,86,3
Contrôle,86,26
Contrôle,86,10
Contrôle,86,11
Contrôle,86,16
Contrôle,86,15
Contrôle,86,18
Contrôle,86,30
Contrôle,86,23
Contrôle,86,27
Contrôle,86,20
Contrôle,86,1
Contrôle,87,24
Contrôle,87,15
Contrôle,87,29
Contrôle,87,20
Contrôle,87,13
Contrôle,87,8
Contrôle,87,26
Contrôle,87,14
Contrôle,87,28
Contrôle,87,21
Contrôle,87,6
Contrôle,87,27
Contrôle,87,5
Contrôle,87,25
Contrôle,87,7
Contrôle,87,19
Contrôle,87,17
Contrôle,87,18
Contrôle,87,30
Contrôle,87,4
Contrôle,87,16
Contrôle,87,2
Contrôle,87,9
Contrôle,87,1
Contrôle,87,10
Contrôle,87,11
Contrôle,87,12
Contrôle,87,3
Contrôle,87,23
Contrôle,87,22
Contrôle,88,11
Contrôle,88,19
Contrôle,88,30
Contrôle,88,4
Contrôle,88,21
Contrôle,88,22
Contrôle,88,28
Contrôle,88,15
Contrôle,88,13
Contrôle,88,29
Contrôle,88,8
Contrôle,88,20
Contrôle,88,6
Contrôle,88,2
Contrôle,88,12
Contrôle,88,14
Contrôle,88,26
Contrôle,88,17
Contrôle,88,24
Contrôle,88,5
Contrôle,88,25
Contrôle,88,9
Contrôle,88,27
Contrôle,88,23
Contrôle,88,3
Contrôle,88,10
Contrôle,88,1
Contrôle,88,18
Contrôle,88,16
Contrôle,88,7
Contrôle,89,14
Contrôle,89,8
Contrôle,89,3
Contrôle,89,21
Contrôle,89,29
Contrôle,89,13
Contrôle,89,4
Contrôle,89,11
Contrôle,89,19
Contrôle,89,1
Contrôle,89,20
Contrôle,89,15
Contrôle,89,5
Contrôle,89,25
Contrôle,89,26
Contrôle,89,27
Contrôle,89,9
Contrôle,89,6
Contrôle,89,12
Contrôle,89,18
Contrôle,89,22
Contrôle,89,10
Contrôle,89,28
Contrôle,89,30
Contrôle,89,7
Contrôle,89,16
Contrôle,89,2
Contrôle,89,17
Contrôle,89,23
Contrôle,89,24
Contrôle,90,7
Contrôle,90,2
Contrôle,90,28
Contrôle,90,5
Contrôle,90,16
Contrôle,90,24
Contrôle,90,25
Contrôle,90,14
Contrôle,90,18
Contrôle,90,29
Contrôle,90,3
Contrôle,90,20
Contrôle,90,27
Contrôle,90,6
Contrôle,90,10
Contrôle,90,19
Contrôle,90,4
Contrôle,90,21
Contrôle,90,8
Contrôle,90,26
Contrôle,90,12
Contrôle,90,17
Contrôle,90,9
Contrôle,90,11
Contrôle,90,15
Contrôle,90,13
Contrôle,90,22
Contrôle,90,23
Contrôle,90,1
Contrôle,90,30
Contrôle,91,20
Contrôle,91,16
Contrôle,91,24
Contrôle,91,18
Contrôle,91,13
Contrôle,91,22
Contrôle,91,19
Contrôle,91,9
Contrôle,91,25
Contrôle,91,5
Contrôle,91,30
Contrôle,91,23
Contrôle,91,6
Contrôle,91,15
Contrôle,91,12
Contrôle,91,28
Contrôle,91,4
Contrôle,91,7
Contrôle,91,10
Contrôle,91,27
Contrôle,91,21
Contrôle,91,29
Contrôle,91,17
Contrôle,91,14
Contrôle,91,2
Contrôle,91,3
Contrôle,91,26
Contrôle,91,1
Contrôle,91,8
Contrôle,91,11
Contrôle,92,10
Contrôle,92,18
Contrôle,92,14
Contrôle,92,21
Contrôle,92,28
Contrôle,92,25
Contrôle,92,23
Contrôle,92,26
Contrôle,92,3
Contrôle,92,6
Contrôle,92,20
Contrôle,92,8
Contrôle,92,4
Contrôle,92,27
Contrôle,92,30
Contrôle,92,1
Contrôle,92,15
Contrôle,92,5
Contrôle,92,29
Contrôle,92,24
Contrôle,92,19
Contrôle,92,16
Contrôle,92,17
Contrôle,92,11
Contrôle,92,12
Contrôle,92,9
Contrôle,92,2
Contrôle,92,13
Contrôle,92,7
Contrôle,92,22
Contrôle,93,5
Contrôle,93,24
Contrôle,93,12
Contrôle,93,26
Contrôle,93,20
Contrôle,93,11
Contrôle,93,27
Contrôle,93,9
Contrôle,93,23
Contrôle,93,15
Contrôle,93,22
Contrôle,93,14
Contrôle,93,8
Contrôle,93,28
Contrôle,93,29
Contrôle,93,19
Contrôle,93,21
Contrôle,93,13
Contrôle,93,3
Contrôle,93,30
Contrôle,93,25
Contrôle,93,2
Contrôle,93,10
Contrôle,93,7
Contrôle,93,1
Contrôle,93,4
Contrôle,93,6
Contrôle,93,18
Contrôle,93,16
Contrôle,93,17
Contrôle,94,20
Contrôle,94,18
Contrôle,94,25
Contrôle,94,6
Contrôle,94,9
Contrôle,94,11
Contrôle,94,23
Contrôle,94,2
Contrôle,94,5
Contrôle,94,16
Contrôle,94,24
Contrôle,94,19
Contrôle,94,1
Contrôle,94,26
Contrôle,94,14
Contrôle,94,22
Contrôle,94,17
Contrôle,94,8
Contrôle,94,27
Contrôle,94,28
Contrôle,94,4
Contrôle,94,10
Contrôle,94,13
Contrôle,94,29
Contrôle,94,12
Contrôle,94,30
Contrôle,94,7
Contrôle,94,21
Contrôle,94,3
Contrôle,94,15
Contrôle,95,26
Contrôle,95,12
Contrôle,95,20
Contrôle,95,30
Contrôle,95,8
Contrôle,95,19
Contrôle,95,16
Contrôle,95,27
Contrôle,95,1
Contrôle,95,9
Contrôle,95,6
Contrôle,95,11
Contrôle,95,13
Contrôle,95,5
Contrôle,95,23
Contrôle,95,28
Contrôle,95,2
Contrôle,95,3
Contrôle,95,25
Contrôle,95,15
Contrôle,95,21
Contrôle,95,24
Contrôle,95,14
Contrôle,95,29
Contrôle,95,18
Contrôle,95,7
Contrôle,95,4
Contrôle,95,17
Contrôle,95,10
Contrôle,95,22
Contrôle,96,9
Contrôle,96,1
Contrôle,96,6
Contrôle,96,21
Contrôle,96,17
Contrôle,96,13
Contrôle,96,29
Contrôle,96,2
Contrôle,96,4
Contrôle,96,27
Contrôle,96,16
Contrôle,96,10
Contrôle,96,24
Contrôle,96,5
Contrôle,96,23
Contrôle,96,11
Contrôle,96,28
Contrôle,96,12
Contrôle,96,26
Contrôle,96,25
Contrôle,96,18
Contrôle,96,15
Contrôle,96,14
Contrôle,96,8
Contrôle,96,19
Contrôle,96,3
Contrôle,96,20
Contrôle,96,30
Contrôle,96,7
Contrôle,96,22
Contrôle,97,23
Contrôle,97,8
Contrôle,97,14
Contrôle,97,7
Contrôle,97,12
Contrôle,97,30
Contrôle,97,25
Contrôle,97,28
Contrôle,97,15
Contrôle,97,20
Contrôle,97,22
Contrôle,97,19
Contrôle,97,13
Contrôle,97,5
Contrôle,97,26
Contrôle,97,29
Contrôle,97,18
Contrôle,97,24
Contrôle,97,6
Contrôle,97,17
Contrôle,97,16
Contrôle,97,27
Contrôle,97,21
Contrôle,97,4
Contrôle,97,2
Contrôle,97,11
Contrôle,97,9
Contrôle,97,10
Contrôle,97,1
Contrôle,97,3
Contrôle,98,29
Contrôle,98,15
Contrôle,98,8
Contrôle,98,12
Contrôle,98,6
Contrôle,98,13
Contrôle,98,21
Contrôle,98,1
Contrôle,98,19
Contrôle,98,26
Contrôle,98,30
Contrôle,98,25
Contrôle,98,11
Contrôle,98,18
Contrôle,98,10
Contrôle,98,17
Contrôle,98,14
Contrôle,98,20
Contrôle,98,23
Contrôle,98,24
Contrôle,98,2
Contrôle,98,4
Contrôle,98,27
Contrôle,98,28
Contrôle,98,5
Contrôle,98,22
Contrôle,98,16
Contrôle,98,9
Contrôle,98,7
Contrôle,98,3
Contrôle,99,29
Contrôle,99,22
Contrôle,99,8
Contrôle,99,14
Contrôle,99,26
Contrôle,99,15
Contrôle,99,2
Contrôle,99,24
Contrôle,99,20
Contrôle,99,18
Contrôle,99,13
Contrôle,99,5
Contrôle,99,7
Contrôle,99,3
Contrôle,99,21
Contrôle,99,12
Contrôle,99,30
Contrôle,99,11
Contrôle,99,25
Contrôle,99,19
Contrôle,99,1
Contrôle,99,17
Contrôle,99,28
Contrôle,99,4
Contrôle,99,6
Contrôle,99,16
Contrôle,99,23
Contrôle,99,9
Contrôle,99,10
Contrôle,99,27
Contrôle,100,8
Contrôle,100,28
Contrôle,100,13
Contrôle,100,4
Contrôle,100,21
Contrôle,100,27
Contrôle,100,29
Contrôle,100,16
Contrôle,100,24
Contrôle,100,11
Contrôle,100,19
Contrôle,100,5
Contrôle,100,1
Contrôle,100,20
Contrôle,100,17
Contrôle,100,14
Contrôle,100,30
Contrôle,100,2
Contrôle,100,3
Contrôle,100,18
Contrôle,100,9
Contrôle,100,26
Contrôle,100,12
Contrôle,100,25
Contrôle,100,15
Contrôle,100,23
Contrôle,100,7
Contrôle,100,6
Contrôle,100,22
Contrôle,100,10