STRATE,NUMERO,BRAS,BRAS_CLAIR
MG,1,B,Outil
MG,2,A,Contrôle
MG,3,A,Contrôle
MG,4,B,Outil
MG,5,A,Contrôle
MG,6,B,Outil
MG,7,B,Outil
MG,8,A,Contrôle
MG,9,B,Outil
MG,10,A,Contrôle
MG,11,B,Outil
MG,12,A,Contrôle
MG,13,A,Contrôle
MG,14,B,Outil
MG,15,A,Contrôle
MG,16,B,Outil
MG,17,A,Contrôle
MG,18,B,Outil
MG,19,A,Contrôle
MG,20,B,Outil
MG,21,A,Contrôle
MG,22,B,Outil
MG,23,A,Contrôle
MG,24,B,Outil
MG,25,B,Outil
MG,26,A,Contrôle
MG,27,B,Outil
MG,28,A,Contrôle
MG,29,A,Contrôle
MG,30,B,Outil
MG,31,A,Contrôle
MG,32,B,Outil
MG,33,B,Outil
MG,34,B,Outil
MG,35,A,Contrôle
MG,36,A,Contrôle
MG,37,B,Outil
MG,38,A,Contrôle
MG,39,A,Contrôle
MG,40,B,Outil
MG,41,A,Contrôle
MG,42,B,Outil
MG,43,B,Outil
MG,44,A,Contrôle
MG,45,A,Contrôle
MG,46,B,Outil
MG,47,B,Outil
MG,48,A,Contrôle
MG,49,B,Outil
MG,50,A,Contrôle
MG,51,A,Contrôle
MG,52,B,Outil
MG,53,B,Outil
MG,54,A,Contrôle
MG,55,B,Outil
MG,56,A,Contrôle
MG,57,B,Outil
MG,58,A,Contrôle
MG,59,A,Contrôle
MG,60,B,Outil
MG,61,A,Contrôle
MG,62,A,Contrôle
MG,63,B,Outil
MG,64,B,Outil
MG,65,B,Outil
MG,66,B,Outil
MG,67,A,Contrôle
MG,68,A,Contrôle
MG,69,B,Outil
MG,70,A,Contrôle
MG,71,B,Outil
MG,72,A,Contrôle
MG,73,B,Outil
MG,74,B,Outil
MG,75,A,Contrôle
MG,76,A,Contrôle
MG,77,B,Outil
MG,78,A,Contrôle
MG,79,A,Contrôle
MG,80,B,Outil
MG,81,A,Contrôle
MG,82,B,Outil
MG,83,B,Outil
MG,84,A,Contrôle
MG,85,A,Contrôle
MG,86,B,Outil
MG,87,B,Outil
MG,88,A,Contrôle
MG,89,B,Outil
MG,90,A,Contrôle
MG,91,A,Contrôle
MG,92,B,Outil
MG,93,B,Outil
MG,94,B,Outil
MG,95,A,Contrôle
MG,96,A,Contrôle
MG,97,A,Contrôle
MG,98,B,Outil
MG,99,A,Contrôle
MG,100,B,Outil
MG,101,B,Outil
MG,102,A,Contrôle
MG,103,A,Contrôle
MG,104,B,Outil
MG,105,A,Contrôle
MG,106,A,Contrôle
MG,107,B,Outil
MG,108,B,Outil
MG,109,A,Contrôle
MG,110,B,Outil
MG,111,A,Contrôle
MG,112,B,Outil
MG,113,A,Contrôle
MG,114,B,Outil
MG,115,B,Outil
MG,116,A,Contrôle
MG,117,A,Contrôle
MG,118,B,Outil
MG,119,B,Outil
MG,120,A,Contrôle
MG,121,A,Contrôle
MG,122,B,Outil
MG,123,B,Outil
MG,124,A,Contrôle
MG,125,B,Outil
MG,126,B,Outil
MG,127,A,Contrôle
MG,128,A,Contrôle
MG,129,B,Outil
MG,130,A,Contrôle
MG,131,A,Contrôle
MG,132,B,Outil
MG,133,B,Outil
MG,134,A,Contrôle
MG,135,A,Contrôle
MG,136,B,Outil
MG,137,B,Outil
MG,138,A,Contrôle
MG,139,A,Contrôle
MG,140,B,Outil
MG,141,B,Outil
MG,142,A,Contrôle
MG,143,A,Contrôle
MG,144,B,Outil
MG,145,B,Outil
MG,146,B,Outil
MG,147,A,Contrôle
MG,148,A,Contrôle
MG,149,B,Outil
MG,150,B,Outil
MG,151,A,Contrôle
MG,152,A,Contrôle
MG,153,B,Outil
MG,154,A,Contrôle
MG,155,B,Outil
MG,156,A,Contrôle
MG,157,B,Outil
MG,158,B,Outil
MG,159,A,Contrôle
MG,160,A,Contrôle
MG,161,A,Contrôle
MG,162,A,Contrôle
MG,163,B,Outil
MG,164,B,Outil
MG,165,B,Outil
MG,166,B,Outil
MG,167,A,Contrôle
MG,168,A,Contrôle
MG,169,A,Contrôle
MG,170,B,Outil
MG,171,A,Contrôle
MG,172,B,Outil
MG,173,A,Contrôle
MG,174,B,Outil
MG,175,B,Outil
MG,176,A,Contrôle
MG,177,A,Contrôle
MG,178,B,Outil
MG,179,A,Contrôle
MG,180,B,Outil
MG,181,B,Outil
MG,182,A,Contrôle
MG,183,B,Outil
MG,184,A,Contrôle
MG,185,A,Contrôle
MG,186,B,Outil
MG,187,A,Contrôle
MG,188,B,Outil
MG,189,A,Contrôle
MG,190,A,Contrôle
MG,191,B,Outil
MG,192,B,Outil
MG,193,B,Outil
MG,194,A,Contrôle
MG,195,B,Outil
MG,196,A,Contrôle
MG,197,A,Contrôle
MG,198,B,Outil
MG,199,B,Outil
MG,200,A,Contrôle
MG,201,B,Outil
MG,202,A,Contrôle
MG,203,A,Contrôle
MG,204,B,Outil
MG,205,B,Outil
MG,206,A,Contrôle
MG,207,B,Outil
MG,208,A,Contrôle
MG,209,A,Contrôle
MG,210,B,Outil
MG,211,B,Outil
MG,212,A,Contrôle
MG,213,A,Contrôle
MG,214,B,Outil
MG,215,B,Outil
MG,216,A,Contrôle
MG,217,A,Contrôle
MG,218,B,Outil
MG,219,A,Contrôle
MG,220,B,Outil
MG,221,B,Outil
MG,222,A,Contrôle
MG,223,B,Outil
MG,224,A,Contrôle
MG,225,B,Outil
MG,226,A,Contrôle
MG,227,A,Contrôle
MG,228,B,Outil
MG,229,B,Outil
MG,230,A,Contrôle
MG,231,A,Contrôle
MG,232,B,Outil
MG,233,A,Contrôle
MG,234,B,Outil
MG,235,B,Outil
MG,236,A,Contrôle
MG,237,A,Contrôle
MG,238,A,Contrôle
MG,239,B,Outil
MG,240,B,Outil
MG,241,A,Contrôle
MG,242,B,Outil
MG,243,A,Contrôle
MG,244,B,Outil
MG,245,A,Contrôle
MG,246,A,Contrôle
MG,247,B,Outil
MG,248,B,Outil
MG,249,A,Contrôle
MG,250,B,Outil
MG,251,A,Contrôle
MG,252,B,Outil
MG,253,A,Contrôle
MG,254,A,Contrôle
MG,255,B,Outil
MG,256,B,Outil
MG,257,B,Outil
MG,258,A,Contrôle
MG,259,B,Outil
MG,260,A,Contrôle
MG,261,B,Outil
MG,262,A,Contrôle
MG,263,B,Outil
MG,264,A,Contrôle
MG,265,A,Contrôle
MG,266,B,Outil
MG,267,B,Outil
MG,268,A,Contrôle
MG,269,A,Contrôle
MG,270,B,Outil
MG,271,A,Contrôle
MG,272,B,Outil
MG,273,B,Outil
MG,274,A,Contrôle
MG,275,B,Outil
MG,276,A,Contrôle
MG,277,A,Contrôle
MG,278,A,Contrôle
MG,279,B,Outil
MG,280,B,Outil
MG,281,B,Outil
MG,282,A,Contrôle
MG,283,A,Contrôle
MG,284,B,Outil
MG,285,B,Outil
MG,286,A,Contrôle
MG,287,B,Outil
MG,288,A,Contrôle
MG,289,B,Outil
MG,290,A,Contrôle
MG,291,B,Outil
MG,292,A,Contrôle
MG,293,B,Outil
MG,294,B,Outil
MG,295,A,Contrôle
MG,296,A,Contrôle
MG,297,B,Outil
MG,298,A,Contrôle
MG,299,B,Outil
MG,300,A,Contrôle
MG,301,A,Contrôle
MG,302,A,Contrôle
MG,303,B,Outil
MG,304,B,Outil
MG,305,A,Contrôle
MG,306,A,Contrôle
MG,307,B,Outil
MG,308,B,Outil
MG,309,B,Outil
MG,310,A,Contrôle
MG,311,B,Outil
MG,312,A,Contrôle
MG,313,B,Outil
MG,314,B,Outil
MG,315,A,Contrôle
MG,316,A,Contrôle
MG,317,A,Contrôle
MG,318,B,Outil
MG,319,B,Outil
MG,320,A,Contrôle
MG,321,A,Contrôle
MG,322,B,Outil
MG,323,A,Contrôle
MG,324,B,Outil
MG,325,B,Outil
MG,326,A,Contrôle
MG,327,A,Contrôle
MG,328,B,Outil
MG,329,B,Outil
MG,330,B,Outil
MG,331,A,Contrôle
MG,332,A,Contrôle
MG,333,B,Outil
MG,334,A,Contrôle
MG,335,B,Outil
MG,336,A,Contrôle
MG,337,A,Contrôle
MG,338,A,Contrôle
MG,339,B,Outil
MG,340,B,Outil
MG,341,A,Contrôle
MG,342,A,Contrôle
MG,343,B,Outil
MG,344,B,Outil
MG,345,B,Outil
MG,346,B,Outil
MG,347,A,Contrôle
MG,348,A,Contrôle
MG,349,B,Outil
MG,350,B,Outil
MG,351,A,Contrôle
MG,352,A,Contrôle
MG,353,B,Outil
MG,354,B,Outil
MG,355,A,Contrôle
MG,356,A,Contrôle
MG,357,B,Outil
MG,358,B,Outil
MG,359,A,Contrôle
MG,360,A,Contrôle
MG,361,B,Outil
MG,362,A,Contrôle
MG,363,B,Outil
MG,364,A,Contrôle
MG,365,A,Contrôle
MG,366,B,Outil
MG,367,B,Outil
MG,368,A,Contrôle
MG,369,B,Outil
MG,370,B,Outil
MG,371,A,Contrôle
MG,372,A,Contrôle
MG,373,B,Outil
MG,374,A,Contrôle
MG,375,B,Outil
MG,376,A,Contrôle
MG,377,A,Contrôle
MG,378,B,Outil
MG,379,B,Outil
MG,380,A,Contrôle
MG,381,A,Contrôle
MG,382,B,Outil
MG,383,B,Outil
MG,384,A,Contrôle
MG,385,A,Contrôle
MG,386,B,Outil
MG,387,B,Outil
MG,388,A,Contrôle
MG,389,B,Outil
MG,390,B,Outil
MG,391,A,Contrôle
MG,392,A,Contrôle
MG,393,A,Contrôle
MG,394,B,Outil
MG,395,A,Contrôle
MG,396,B,Outil
MG,397,B,Outil
MG,398,B,Outil
MG,399,A,Contrôle
MG,400,A,Contrôle
MG,401,A,Contrôle
MG,402,B,Outil
MG,403,A,Contrôle
MG,404,B,Outil
MG,405,B,Outil
MG,406,B,Outil
MG,407,A,Contrôle
MG,408,A,Contrôle
MG,409,A,Contrôle
MG,410,B,Outil
MG,411,B,Outil
MG,412,A,Contrôle
MG,413,B,Outil
MG,414,B,Outil
MG,415,A,Contrôle
MG,416,A,Contrôle
MG,417,B,Outil
MG,418,B,Outil
MG,419,A,Contrôle
MG,420,A,Contrôle
MG,421,A,Contrôle
MG,422,B,Outil
MG,423,A,Contrôle
MG,424,B,Outil
MG,425,A,Contrôle
MG,426,B,Outil
MG,427,A,Contrôle
MG,428,B,Outil
MG,429,B,Outil
MG,430,B,Outil
MG,431,A,Contrôle
MG,432,A,Contrôle
MG,433,B,Outil
MG,434,A,Contrôle
MG,435,B,Outil
MG,436,A,Contrôle
MG,437,A,Contrôle
MG,438,A,Contrôle
MG,439,B,Outil
MG,440,B,Outil
MG,441,A,Contrôle
MG,442,A,Contrôle
MG,443,B,Outil
MG,444,B,Outil
MG,445,A,Contrôle
MG,446,B,Outil
MG,447,A,Contrôle
MG,448,B,Outil
MG,449,B,Outil
MG,450,A,Contrôle
MG,451,A,Contrôle
MG,452,B,Outil
MG,453,A,Contrôle
MG,454,B,Outil
MG,455,A,Contrôle
MG,456,B,Outil
MG,457,A,Contrôle
MG,458,B,Outil
MG,459,A,Contrôle
MG,460,B,Outil
MG,461,A,Contrôle
MG,462,B,Outil
MG,463,B,Outil
MG,464,A,Contrôle
MG,465,B,Outil
MG,466,A,Contrôle
MG,467,B,Outil
MG,468,A,Contrôle
MG,469,B,Outil
MG,470,A,Contrôle
MG,471,B,Outil
MG,472,A,Contrôle
MG,473,B,Outil
MG,474,A,Contrôle
MG,475,B,Outil
MG,476,A,Contrôle
MG,477,A,Contrôle
MG,478,A,Contrôle
MG,479,B,Outil
MG,480,B,Outil
MG,481,A,Contrôle
MG,482,B,Outil
MG,483,A,Contrôle
MG,484,B,Outil
MG,485,B,Outil
MG,486,A,Contrôle
MG,487,A,Contrôle
MG,488,B,Outil
MG,489,A,Contrôle
MG,490,A,Contrôle
MG,491,B,Outil
MG,492,B,Outil
MG,493,B,Outil
MG,494,A,Contrôle
MG,495,B,Outil
MG,496,A,Contrôle
MG,497,B,Outil
MG,498,A,Contrôle
MG,499,A,Contrôle
MG,500,B,Outil
MG,501,A,Contrôle
MG,502,A,Contrôle
MG,503,B,Outil
MG,504,B,Outil
MG,505,A,Contrôle
MG,506,B,Outil
MG,507,A,Contrôle
MG,508,B,Outil
MG,509,A,Contrôle
MG,510,A,Contrôle
MG,511,B,Outil
MG,512,B,Outil
MG,513,B,Outil
MG,514,A,Contrôle
MG,515,B,Outil
MG,516,A,Contrôle
MG,517,A,Contrôle
MG,518,B,Outil
MG,519,B,Outil
MG,520,A,Contrôle
MG,521,B,Outil
MG,522,B,Outil
MG,523,A,Contrôle
MG,524,A,Contrôle
MG,525,B,Outil
MG,526,A,Contrôle
MG,527,B,Outil
MG,528,A,Contrôle
MG,529,A,Contrôle
MG,530,A,Contrôle
MG,531,B,Outil
MG,532,B,Outil
MG,533,A,Contrôle
MG,534,B,Outil
MG,535,A,Contrôle
MG,536,B,Outil
MG,537,B,Outil
MG,538,A,Contrôle
MG,539,B,Outil
MG,540,A,Contrôle
MG,541,B,Outil
MG,542,A,Contrôle
MG,543,B,Outil
MG,544,A,Contrôle
MG,545,A,Contrôle
MG,546,A,Contrôle
MG,547,B,Outil
MG,548,B,Outil
MG,549,B,Outil
MG,550,A,Contrôle
MG,551,A,Contrôle
MG,552,B,Outil
MG,553,B,Outil
MG,554,B,Outil
MG,555,A,Contrôle
MG,556,A,Contrôle
MG,557,A,Contrôle
MG,558,B,Outil
MG,559,B,Outil
MG,560,A,Contrôle
MG,561,A,Contrôle
MG,562,B,Outil
MG,563,A,Contrôle
MG,564,B,Outil
MG,565,B,Outil
MG,566,A,Contrôle
MG,567,B,Outil
MG,568,A,Contrôle
MG,569,A,Contrôle
MG,570,B,Outil
MG,571,B,Outil
MG,572,A,Contrôle
MG,573,A,Contrôle
MG,574,B,Outil
MG,575,B,Outil
MG,576,A,Contrôle
MG,577,A,Contrôle
MG,578,B,Outil
MG,579,B,Outil
MG,580,A,Contrôle
MG,581,A,Contrôle
MG,582,B,Outil
MG,583,A,Contrôle
MG,584,B,Outil
MG,585,A,Contrôle
MG,586,B,Outil
MG,587,B,Outil
MG,588,A,Contrôle
MG,589,B,Outil
MG,590,A,Contrôle
MG,591,A,Contrôle
MG,592,B,Outil
MG,593,A,Contrôle
MG,594,B,Outil
MG,595,A,Contrôle
MG,596,B,Outil
MG,597,A,Contrôle
MG,598,B,Outil
MG,599,B,Outil
MG,600,A,Contrôle
MG,601,A,Contrôle
MG,602,A,Contrôle
MG,603,B,Outil
MG,604,B,Outil
MG,605,B,Outil
MG,606,B,Outil
MG,607,A,Contrôle
MG,608,A,Contrôle
MG,609,B,Outil
MG,610,A,Contrôle
MG,611,B,Outil
MG,612,A,Contrôle
MG,613,B,Outil
MG,614,A,Contrôle
MG,615,B,Outil
MG,616,A,Contrôle
MG,617,A,Contrôle
MG,618,B,Outil
MG,619,B,Outil
MG,620,A,Contrôle
MG,621,A,Contrôle
MG,622,B,Outil
MG,623,A,Contrôle
MG,624,B,Outil
MG,625,B,Outil
MG,626,B,Outil
MG,627,A,Contrôle
MG,628,A,Contrôle
MG,629,B,Outil
MG,630,A,Contrôle
MG,631,A,Contrôle
MG,632,B,Outil
MG,633,A,Contrôle
MG,634,B,Outil
MG,635,B,Outil
MG,636,A,Contrôle
MG,637,A,Contrôle
MG,638,B,Outil
MG,639,A,Contrôle
MG,640,B,Outil
MG,641,B,Outil
MG,642,A,Contrôle
MG,643,B,Outil
MG,644,A,Contrôle
MG,645,B,Outil
MG,646,B,Outil
MG,647,A,Contrôle
MG,648,A,Contrôle
MG,649,A,Contrôle
MG,650,A,Contrôle
MG,651,B,Outil
MG,652,B,Outil
MG,653,A,Contrôle
MG,654,A,Contrôle
MG,655,B,Outil
MG,656,B,Outil
MG,657,B,Outil
MG,658,A,Contrôle
MG,659,A,Contrôle
MG,660,B,Outil
MG,661,A,Contrôle
MG,662,B,Outil
MG,663,A,Contrôle
MG,664,B,Outil
MG,665,A,Contrôle
MG,666,A,Contrôle
MG,667,B,Outil
MG,668,B,Outil
MG,669,B,Outil
MG,670,A,Contrôle
MG,671,A,Contrôle
MG,672,B,Outil
MG,673,A,Contrôle
MG,674,B,Outil
MG,675,B,Outil
MG,676,A,Contrôle
MG,677,A,Contrôle
MG,678,B,Outil
MG,679,B,Outil
MG,680,A,Contrôle
MG,681,B,Outil
MG,682,A,Contrôle
MG,683,A,Contrôle
MG,684,B,Outil
MG,685,B,Outil
MG,686,A,Contrôle
MG,687,A,Contrôle
MG,688,B,Outil
MG,689,A,Contrôle
MG,690,B,Outil
MG,691,B,Outil
MG,692,A,Contrôle
MG,693,B,Outil
MG,694,A,Contrôle
MG,695,B,Outil
MG,696,A,Contrôle
MG,697,B,Outil
MG,698,A,Contrôle
MG,699,A,Contrôle
MG,700,B,Outil
MG,701,B,Outil
MG,702,B,Outil
MG,703,A,Contrôle
MG,704,A,Contrôle
MG,705,B,Outil
MG,706,A,Contrôle
MG,707,B,Outil
MG,708,A,Contrôle
MG,709,B,Outil
MG,710,B,Outil
MG,711,A,Contrôle
MG,712,A,Contrôle
MG,713,B,Outil
MG,714,A,Contrôle
MG,715,A,Contrôle
MG,716,B,Outil
MG,717,B,Outil
MG,718,A,Contrôle
MG,719,B,Outil
MG,720,A,Contrôle
MG,721,A,Contrôle
MG,722,B,Outil
MG,723,B,Outil
MG,724,A,Contrôle
MG,725,A,Contrôle
MG,726,A,Contrôle
MG,727,B,Outil
MG,728,B,Outil
MG,729,B,Outil
MG,730,B,Outil
MG,731,A,Contrôle
MG,732,A,Contrôle
MG,733,B,Outil
MG,734,B,Outil
MG,735,A,Contrôle
MG,736,A,Contrôle
MG,737,A,Contrôle
MG,738,B,Outil
MG,739,A,Contrôle
MG,740,B,Outil
MG,741,B,Outil
MG,742,A,Contrôle
MG,743,A,Contrôle
MG,744,B,Outil
MG,745,A,Contrôle
MG,746,B,Outil
MG,747,B,Outil
MG,748,A,Contrôle
MG,749,B,Outil
MG,750,B,Outil
MG,751,A,Contrôle
MG,752,A,Contrôle
MG,753,B,Outil
MG,754,B,Outil
MG,755,A,Contrôle
MG,756,A,Contrôle
MG,757,A,Contrôle
MG,758,B,Outil
MG,759,B,Outil
MG,760,A,Contrôle
MG,761,A,Contrôle
MG,762,B,Outil
MG,763,A,Contrôle
MG,764,B,Outil
MG,765,A,Contrôle
MG,766,B,Outil
MG,767,A,Contrôle
MG,768,B,Outil
MG,769,B,Outil
MG,770,B,Outil
MG,771,A,Contrôle
MG,772,A,Contrôle
MG,773,B,Outil
MG,774,A,Contrôle
MG,775,A,Contrôle
MG,776,B,Outil
MG,777,B,Outil
MG,778,A,Contrôle
MG,779,B,Outil
MG,780,A,Contrôle
MG,781,A,Contrôle
MG,782,A,Contrôle
MG,783,B,Outil
MG,784,B,Outil
MG,785,B,Outil
MG,786,A,Contrôle
MG,787,B,Outil
MG,788,A,Contrôle
MG,789,A,Contrôle
MG,790,B,Outil
MG,791,A,Contrôle
MG,792,B,Outil
MG,793,B,Outil
MG,794,B,Outil
MG,795,A,Contrôle
MG,796,A,Contrôle
MG,797,A,Contrôle
MG,798,B,Outil
MG,799,B,Outil
MG,800,A,Contrôle
MG,801,A,Contrôle
MG,802,B,Outil
MG,803,A,Contrôle
MG,804,B,Outil
MG,805,B,Outil
MG,806,B,Outil
MG,807,A,Contrôle
MG,808,A,Contrôle
MG,809,B,Outil
MG,810,A,Contrôle
MG,811,B,Outil
MG,812,A,Contrôle
MG,813,B,Outil
MG,814,A,Contrôle
MG,815,A,Contrôle
MG,816,B,Outil
MG,817,A,Contrôle
MG,818,B,Outil
MG,819,A,Contrôle
MG,820,B,Outil
MG,821,A,Contrôle
MG,822,B,Outil
MG,823,B,Outil
MG,824,A,Contrôle
MG,825,B,Outil
MG,826,A,Contrôle
MG,827,A,Contrôle
MG,828,B,Outil
MG,829,B,Outil
MG,830,A,Contrôle
MG,831,B,Outil
MG,832,A,Contrôle
MG,833,A,Contrôle
MG,834,B,Outil
MG,835,A,Contrôle
MG,836,B,Outil
MG,837,A,Contrôle
MG,838,A,Contrôle
MG,839,B,Outil
MG,840,B,Outil
MG,841,A,Contrôle
MG,842,A,Contrôle
MG,843,B,Outil
MG,844,B,Outil
MG,845,A,Contrôle
MG,846,B,Outil
MG,847,A,Contrôle
MG,848,B,Outil
MG,849,A,Contrôle
MG,850,B,Outil
MG,851,A,Contrôle
MG,852,B,Outil
MG,853,B,Outil
MG,854,A,Contrôle
MG,855,A,Contrôle
MG,856,B,Outil
MG,857,A,Contrôle
MG,858,B,Outil
MG,859,B,Outil
MG,860,A,Contrôle
MG,861,A,Contrôle
MG,862,B,Outil
MG,863,A,Contrôle
MG,864,B,Outil
MG,865,A,Contrôle
MG,866,B,Outil
MG,867,A,Contrôle
MG,868,B,Outil
MG,869,A,Contrôle
MG,870,B,Outil
MG,871,B,Outil
MG,872,A,Contrôle
MG,873,A,Contrôle
MG,874,A,Contrôle
MG,875,B,Outil
MG,876,B,Outil
MG,877,B,Outil
MG,878,B,Outil
MG,879,A,Contrôle
MG,880,A,Contrôle
MG,881,A,Contrôle
MG,882,B,Outil
MG,883,A,Contrôle
MG,884,B,Outil
MG,885,B,Outil
MG,886,B,Outil
MG,887,A,Contrôle
MG,888,A,Contrôle
MG,889,A,Contrôle
MG,890,A,Contrôle
MG,891,B,Outil
MG,892,B,Outil
MG,893,A,Contrôle
MG,894,B,Outil
MG,895,B,Outil
MG,896,A,Contrôle
MG,897,A,Contrôle
MG,898,B,Outil
MG,899,A,Contrôle
MG,900,B,Outil
MG,901,A,Contrôle
MG,902,A,Contrôle
MG,903,B,Outil
MG,904,B,Outil
MG,905,B,Outil
MG,906,A,Contrôle
MG,907,A,Contrôle
MG,908,B,Outil
MG,909,A,Contrôle
MG,910,A,Contrôle
MG,911,B,Outil
MG,912,B,Outil
MG,913,A,Contrôle
MG,914,A,Contrôle
MG,915,B,Outil
MG,916,B,Outil
MG,917,A,Contrôle
MG,918,B,Outil
MG,919,A,Contrôle
MG,920,B,Outil
MG,921,B,Outil
MG,922,A,Contrôle
MG,923,A,Contrôle
MG,924,B,Outil
MG,925,B,Outil
MG,926,A,Contrôle
MG,927,A,Contrôle
MG,928,B,Outil
MG,929,B,Outil
MG,930,B,Outil
MG,931,A,Contrôle
MG,932,A,Contrôle
MG,933,A,Contrôle
MG,934,B,Outil
MG,935,B,Outil
MG,936,A,Contrôle
MG,937,B,Outil
MG,938,B,Outil
MG,939,A,Contrôle
MG,940,A,Contrôle
MG,941,B,Outil
MG,942,A,Contrôle
MG,943,B,Outil
MG,944,A,Contrôle
MG,945,A,Contrôle
MG,946,B,Outil
MG,947,B,Outil
MG,948,A,Contrôle
MG,949,B,Outil
MG,950,A,Contrôle
MG,951,A,Contrôle
MG,952,B,Outil
MG,953,A,Contrôle
MG,954,B,Outil
MG,955,A,Contrôle
MG,956,B,Outil
MG,957,A,Contrôle
MG,958,B,Outil
MG,959,A,Contrôle
MG,960,B,Outil
MG,961,B,Outil
MG,962,A,Contrôle
MG,963,B,Outil
MG,964,A,Contrôle
MG,965,A,Contrôle
MG,966,B,Outil
MG,967,A,Contrôle
MG,968,B,Outil
MG,969,A,Contrôle
MG,970,B,Outil
MG,971,B,Outil
MG,972,A,Contrôle
MG,973,A,Contrôle
MG,974,B,Outil
MG,975,A,Contrôle
MG,976,B,Outil
MG,977,A,Contrôle
MG,978,B,Outil
MG,979,B,Outil
MG,980,A,Contrôle
MG,981,B,Outil
MG,982,A,Contrôle
MG,983,A,Contrôle
MG,984,B,Outil
MG,985,B,Outil
MG,986,A,Contrôle
MG,987,A,Contrôle
MG,988,B,Outil
MG,989,A,Contrôle
MG,990,B,Outil
MG,991,A,Contrôle
MG,992,B,Outil
MG,993,B,Outil
MG,994,A,Contrôle
MG,995,B,Outil
MG,996,A,Contrôle
MG,997,A,Contrôle
MG,998,A,Contrôle
MG,999,B,Outil
MG,1000,B,Outil